wtrplay_plc_nm,ctprvn_nm,sgg_nm,emd_nm,detail_plcnm,adres,wtrplay_plc_type,wtrplay_sec,wtrplay_deep,wtrplay_deep_avg,year_visitor,acdt_co,x,y,manage_type,manage_at
농월정,경상남도,함양군,안의면,농월정,경상남도 함양군 안의면 월림리 1472,계곡,1000.0,4.0,2.0,5.0,4.0,14224273.18,4248973.926,중점관리지역,1
옥계계곡,경상북도,영덕군,달산면,옥계리입구,경상북도 영덕군 달산면  옥계리 232,계곡,,3.0,1.0,35.0,4.0,14389624.0,4346241.508,중점관리지역,1
옥계계곡,경상북도,영덕군,달산면,옥계리계곡,경상북도 영덕군 달산면 옥계리 4,계곡,"3,500",3.0,1.0,,3.0,14390206.46008437,4346400.914422217,위험지역,3
용추폭포,충청북도,괴산군,청천면,용추폭포,충청북도 괴산군 청천면 도경로지촌1길 14-21,계곡,100,3.0,2.0,,3.0,14228665.67082547,4398259.518381836,위험지역,3
용추폭포,충청북도,괴산군,청천면,용추폭포,충청북도 괴산군 청천면 후영리 6-1,계곡,300,3.0,2.0,30.0,3.0,14228650.67,4398259.518,중점관리지역,1
신선계곡,경상북도,울진군,온정면,신선계곡 구름다리,경상북도 울진군 온정면 선구리 산164,계곡,,4.0,1.0,,3.0,14397042.60114593,4404148.430125561,위험지역,3
화양1교,충청북도,괴산군,청천면,화양1교,충청북도 괴산군 청천면 화양리 472,계곡,700,2.0,1.0,30.0,3.0,14227097.3,4394425.497,중점관리지역,1
하옥계곡,경상북도,포항시,죽장면,물댄동산 수양관 일원,경상북도 포항시 북구 죽장면 하옥리 563,계곡,300,3.0,1.0,,2.0,14388166.06287372,4343065.829367318,위험지역,3
요강소,경상남도,함양,안의면,요강소,경상남도 함양 안의면 상원리 1434,계곡,100,4.0,4.0,,2.0,14224007.23956645,4255811.534975966,위험지역,3
용성계곡,부산광역시,금정구,청룡동,용성계곡(구. 월류댐),부산광역시 금정구 청롱동 602-1,계곡,0,3.0,1.0,,2.0,14368970.525366902,4201927.815288948,위험지역,3
쌍용폭포,경상북도,문경시,농암면,쌍용폭포,경상북도 문경시 농암면 내서리 산6,계곡,80,5.0,3.0,1.0,2.0,14243300.49,4379147.343,일반지역,2
북소리당,경상남도,산청군,시천면,북소리당,경상남도 산청군 시천면 중산리 420-1,계곡,200,3.0,1.0,2.0,2.0,14222344.2,4202871.149,중점관리지역,1
북소리당,경상남도,산청군,시천면,북소리당,경상남도 산청군 시천면 중산리 420-1,계곡,100,2.0,1.0,,2.0,14222359.19903305,4202871.149343632,위험지역,3
가평천,경기도,가평군,북면,도대리 용소폭포,경기도 가평군 북면 도대리 산 331,계곡,110,3.0,2.0,17.0,2.0,14190173.96,4573074.851,중점관리지역,1
영평천,경기도,포천시,이동면,백운계곡,경기도 포천시 이동면 도평리 36 일대,계곡,3000,3.0,2.0,3.0,2.0,14183173.74,4589605.122,일반지역,2
용담계곡,강원도,홍천군,동면,수타사 용담계곡,강원도 홍천군 동면 덕치리466,계곡,100,3.0,2.0,20.0,1.0,14241755.35,4536529.166,일반지역,2
각시소,경상남도,거창군,가조면,고견사 주차장 아래,경상남도 거창군 가조면 수월리 산28-1번지,계곡,20,3.0,1.0,,1.0,14253191.01330764,4263524.603517354,위험지역,3
장천재계곡,전라남도,장흥,관산,장천재계곡,전라남도 장흥군 관산읍 용전리 산147-13,계곡,35,1.0,1.0,1.0,1.0,14128094.24,4101355.403,일반지역,2
남대1교근처,경상남도,산청군,시천면,남대1교근처,경상남도 산청군 시천면 내대리 251-11,계곡,200,2.0,1.0,6.0,1.0,14221508.13,4200845.866,일반지역,2
장산계곡,부산광역시,해운대구,우동,장산계곡,부산광역시 해운대구 우동 산2,계곡,,1.5,1.0,250.0,1.0,14378152.95,4189344.087,중점관리지역,1
고선계곡구마동,경상북도,봉화,소천,구마동민박 인근,경상북도 봉화군 소천면 고선리 559,계곡,200,2.0,1.0,1.0,1.0,14353103.91,4441012.269,중점관리지역,1
중산1교근처,경상남도,산청군,시천면,중산1교근처,경상남도 산청군 시천면 중산리 537-20,계곡,200,2.0,1.0,9.0,1.0,14221594.64,4203981.925,일반지역,2
장산계곡,부산광역시,해운대구,우동,양운폭포,부산광역시 해운대구 우동 산2,계곡,500,2.0,1.0,,1.0,14378167.94733592,4189344.086586406,위험지역,3
구천동지구,전라북도,무주군,설천면,세심대,전라북도 무주군 설천면 심곡리 산53-2,계곡,50,2.0,1.0,2.5,1.0,14222531.3,4287564.018,중점관리지역,1
장천재계곡,전라남도,장흥군,관산,장천재계곡,전라남도 장흥군 관산읍 옥당리 90,계곡,35,1.0,0.7,,1.0,14129471.38840008,4102632.020098425,위험지역,3
단경골휴양지,강원도,강릉시,강동면,야생화정원일대,강원도 강릉시 강동면 언별리 1425,계곡,2000.0,5.0,1.0,3.0,1.0,14350897.78,4533257.62,일반지역,2
심원정,경상남도,함양군,안의면,심원정,경상남도 함양군 안의면 하원리 1353,계곡,200,4.0,2.0,50.0,1.0,14225362.52,4255058.684,중점관리지역,1
부전계곡,경상남도,함양군,서상면,부전계곡,경상남도 함양군 서상면 옥산리 1001,계곡,2000.0,3.0,2.0,10.0,1.0,14210730.21,4251849.733,중점관리지역,1
대청계곡,경상남도,김해시,대청동,장유폭포 앞,경상남도 김해시 대청동 산69-8,계곡,60,2.0,1.0,12.0,1.0,14334632.45,4189760.102,중점관리지역,1
집다리골자연휴양림,강원도,춘천시,사북면,별님달님펜션,강원도 춘천시 사북면 화악지암1길 124,계곡,50,2.0,1.0,1000.0,1.0,14202294.95,4576271.46,중점관리지역,1
용담계곡3,경상북도,안동시,길안면,용담계곡3,경상북도 안동시 길안면 금곡리 91,계곡,30,1.0,1.0,3.0,1.0,14351307.71,4354315.409,중점관리지역,1
용문정,경상남도,합천군,용주면,합천영상테마파크옆 용문정,경상남도 합천군 용주면 가호리 1165,계곡,40,5.0,3.0,1.0,1.0,14255876.66,4237663.515,중점관리지역,1
황계폭포,경상남도,합천군,용주면,황계폭포,경상남도 합천군 용주면 황계리 산156,계곡,80,4.0,1.0,3.0,1.0,14256691.36,4233514.183,중점관리지역,1
각시소,경상남도,거창군,가조면,고견사 주차장 아래,경상남도 거창군 가조면 수월리 산28-1,계곡,20,2.0,1.0,0.0,1.0,14253176.01,4263524.604,중점관리지역,1
청계사계곡,경상북도,상주시,화서면,청계사-맑은개울 캠핑장 인근 계곡,경상북도 상주시 화서면 하송리 412,계곡,80,2.0,1.0,3.0,1.0,14244227.04,4367918.809,중점관리지역,1
사우정,경상북도,문경시,농암면,쌍용계곡,경상북도 문경시  농암면  내서리 770,계곡,60,2.0,1.0,2.0,1.0,14245387.73,4378355.052,일반지역,2
늑천정,경상북도,문경시,농암면,심원사 계곡,경상북도 문경시  농암면  내서리 687-4,계곡,40,2.0,1.0,1.0,1.0,14241869.99,4379465.029,일반지역,2
수하계곡,경상북도,영양군,수비면,수하계곡,경상북도 영양군 수비면 수하리 240-1,계곡,200,2.0,1.0,3.0,1.0,14390436.15,4416515.545,일반지역,2
빙계계곡 1구역,경상북도,의성,춘산면,빙계계곡 1구역,경상북도 의성 춘산면 빙계리 1017-5,계곡,200,3.0,1.4,8.0,1.0,14334560.76,4332940.69,중점관리지역,1
옥계동,전라북도,완주군,운주면,옥계동,전라북도 완주군 운주면 대둔산로1750,계곡,200,2.0,1.0,5.0,1.0,14172628.75,4313869.502,중점관리지역,1
요천,전라북도,남원시,산동면,계곡,전라북도 남원시 산동면 대상리 715-2,계곡,50,3.0,2.0,0.0,1.0,14190855.14,4235193.555,중점관리지역,1
호박소(얼음골지내),경상남도,밀양시,산내면,호박소,경상남도 밀양시 산내면 삼양리 산11-1,계곡,165,5.0,1.0,4.0,1.0,14359967.49,4244427.701,중점관리지역,1
구천동지구,전라북도,무주군,설천면,세심대,전라북도 무주군 설천면 심곡리 산53-2번지일원,계곡,50,2.0,1.0,,1.0,14222546.30483317,4287564.017796142,위험지역,3
위천중학교 앞 솔숲,경상남도,거창군,위천면,위천중학교 앞 솔숲(위천천),경상남도 거창군 위천면 장기리 390,계곡,250,3.0,2.0,,1.0,14230346.99588661,4267060.040300574,위험지역,3
대운산계곡,울산광역시,울주군,온양읍,애기소,울산광역시 울주군 온양읍 운화리 1403,계곡,500,4.0,1.0,3.0,1.0,14387223.57,4217359.284,일반지역,2
철구소계곡,울산광역시,울주군,상북면,철구소,울산광역시 울주군 상북면 이천리 산 86-1,계곡,20,5.0,2.0,12.0,1.0,14361267.13,4238531.767,중점관리지역,1
가평천,경기도,가평군,북면,밤나무계곡오토캠핑장,경기도 가평군 북면 도대리 408,계곡,200,2.0,1.0,0.921,1.0,14189983.68,4574052.102,일반지역,2
원동천,경상남도,양산시,원동면,늘봄식당 뒤,경상남도 양산시 원동면 원리72,계곡,70,2.0,1.0,,1.0,14351213.14602278,4217166.497795037,위험지역,3
승안천,경기도,가평군,가평읍,공무원휴양소주차장앞,경기도 가평군 가평읍 승안리 산 60-1,계곡,30,2.0,1.0,0.0,1.0,14190412.19,4559518.676,중점관리지역,1
승안천,경기도,가평군,가평읍,계곡여행펜션,경기도 가평군 가평읍 승안리 628,계곡,50,2.0,1.5,0.0,1.0,14190057.12,4559670.374,중점관리지역,1
중섬,경상북도,울진군,금강송면,중섬교 상부,경상북도 울진군 금강송면 하원리 91-2,계곡,150,3.0,1.0,,1.0,14391084.88218622,4431865.814446745,위험지역,3
보경사계곡,경상북도,포항시,송라면,보경사계곡,경상북도 포항시 북구 송라면 중산리 627,계곡,"2,000",4.0,1.0,,1.0,14395619.96031749,4335174.931506121,위험지역,3
덕동계곡,충청북도,제천시,백운면,덕동계곡,충청북도 제천시 백운면 덕동로 38,계곡,50,2.0,1.0,9.0,1.0,14247666.17,4465465.14,일반지역,2
동막리유원지,경기도,연천군,연천읍,동막리자라바위,경기도 연천군 연천읍 동막리 181-2,계곡,300,2.0,1.0,4.0,1.0,14149956.47,4593797.031,일반지역,2
위천중 앞 솔숲,경상남도,거창군,위천면,위천중 앞 솔숲,경상남도 거창군 위천면 장기리 390,계곡,350,2.0,2.0,3.0,1.0,14230332.0,4267060.04,중점관리지역,1
옥계동,전라북도,완주군,운주면,옥계동,전라북도 완주군 운주면 대둔산로 1750,계곡,200,2.0,1.0,,1.0,14172643.74746553,4313869.502378359,위험지역,3
산내계곡,전라북도,남원시,산내면,산간계곡,전라북도 남원시 산내면 내령리 90-2,계곡,170,2.0,1.0,3.0,1.0,14205240.16,4218424.732,중점관리지역,1
용담계곡,강원도,홍천군,동  면,수타사 용담계곡,강원도 홍천군 동면 덕치리466,계곡,100,3.0,2.0,,1.0,14241785.35186435,4536529.16607177,위험지역,3
칡소폭포,강원도,홍천군,내면,칡소폭포,강원도 홍천군 내면  광원리 551-4,계곡,100,3.0,1.0,,1.0,14299415.97544963,4554503.131959073,위험지역,3
탁사정,충청북도,제천시,봉양읍,탁사정,충청북도 제천시 봉양읍 제원로 483,계곡,100,5.0,1.0,,1.0,14260575.94832687,4462413.168682154,위험지역,3
산내계곡,전라북도,남원시,산내면,소윤정 펜션(구 평생가든),전라북도 남원시 산내면 내령리 90-2,계곡,170,2.0,1.0,,1.0,14205255.15964775,4218424.732051576,위험지역,3
용소계곡,전라북도,완주군,동상면,용소계곡,전라북도 완주군 동상면 동상주천로 39,계곡,100,4.0,1.0,,1.0,14170545.73128645,4295349.480560644,위험지역,3
계곡,전라북도,남원시,산동면,북치골계곡,전라북도 남원시 산동면 대상리 715-2,계곡,50,3.0,2.0,,1.0,14190870.14335286,4235193.554942008,위험지역,3
월성오토캠핑장,경상남도,거창군,북상면,월성오토캠핑장 앞,경상남도 거창군 북상면 월성리 산 289,계곡,90,4.0,2.0,2.0,0.0,14222385.3,4268339.435,일반지역,2
분계천,경상남도,거창군,북상면,아모르펜션 앞,경상남도 거창군 북상면 병곡리 384-1,계곡,40,2.0,1.0,1.0,0.0,14224967.96,4272379.836,일반지역,2
분설담,경상남도,거창군,북상면,창선교 위,경상남도 거창군 북상면 창선리 271-2,계곡,250,4.0,2.0,2.0,0.0,14223274.5,4268193.19,일반지역,2
장흥저수지,경상남도,양산시,평산동,장흥저수지 상류계곡,경상남도 양산시 평산동 1070,계곡,360,6.0,3.0,1.0,0.0,14374634.31,4215186.099,일반지역,2
용소,경상남도,거창군,북상면,개울가민박 아래,경상남도 거창군 북상면 병곡길 137-33,계곡,30,5.0,3.0,1.0,0.0,14225933.36,4271271.145,일반지역,2
예치마을,경상남도,산청군,시천면,예치마을,경상남도 산청군 시천면 내대리 215,계곡,150,2.0,1.0,8.0,0.0,14222250.3,4200057.422,일반지역,2
용유담,경상남도,함양군,휴천면,용유담,경상남도 함양군 휴천면 문정리 1422-1,계곡,100,8.0,2.0,10.0,0.0,14216840.28,4219848.582,일반지역,2
거림마을앞,경상남도,산청군,시천면,거림마을앞,경상남도 산청군 시천면 내대리 977-5,계곡,200,2.0,1.0,6.0,0.0,14217908.76,4202446.54,일반지역,2
벽계야영장,경상남도,의령군,궁류면,벽계야영장,경상남도 의령군 궁류면 벽계리 486-1,계곡,70,2.0,1.0,5.0,0.0,14272171.18,4221910.925,일반지역,2
별천계곡,경상남도,함안군,여항면,별천계곡,경상남도 함안군 여항면 주동리 483,계곡,10,1.0,1.0,2.0,0.0,14296873.96,4188679.083,일반지역,2
옥천계곡,경상남도,창녕군,창녕읍,옥천계곡,경상남도 창녕군 창녕읍 옥천리 1394,계곡,500,3.0,1.0,6.0,0.0,14310644.55,4232971.47,일반지역,2
사선대,경상남도,거창군,북상면,사선대 바위 아래,경상남도 거창군 북상면 월성리 산 239-2,계곡,100,3.0,1.0,2.0,0.0,14218713.45,4268595.724,일반지역,2
용암정,경상남도,거창군,북상면,강정모리 위,경상남도 거창군 북상면 농산리 63,계곡,90,4.0,2.0,2.0,0.0,14229033.92,4268655.349,일반지역,2
금원산 매표소 아래,경상남도,거창군,위천면,금원산 매표소 아래(사방댐),경상남도 거창군 위천면 상천리 산7-16,계곡,50,5.0,3.0,1.0,0.0,14226929.33,4264016.254,일반지역,2
오동수원지,경상남도,남해군,남해읍,오동수원지,경상남도 남해군 남해읍 아산리1417,계곡,100,2.0,1.0,1.0,0.0,14236288.45,4143039.403,일반지역,2
용소,경상남도,함양군,안의면,용소,경상남도 함양군 안의면 상원리 844-1,계곡,200,4.0,2.0,50.0,0.0,14223490.06,4256440.359,일반지역,2
애기쏘,경상남도,산청군,시천면,애기쏘,경상남도 산청군 시천면 내대리 284,계곡,50,4.0,3.0,11.0,0.0,14221063.16,4201295.803,중점관리지역,1
용추계곡,경상남도,함양군,안의면,용추계곡,경상남도 함양군 안의면 상원리 963-2,계곡,2000.0,4.0,2.0,1.0,0.0,14222540.37,4257595.584,일반지역,2
내심터,경상남도,산청군,금서면,내심터,경상남도 산청군 금서면 오봉리 산 6,계곡,100,2.0,1.0,7.0,0.0,14224275.44,4219241.15,일반지역,2
중산2교근처,경상남도,산청군,시천면,중산2교근처,경상남도 산청군 시천면 중산리 501-4,계곡,200,2.0,1.0,6.0,0.0,14221606.46,4203653.697,일반지역,2
강선대,경상남도,거창군,북상면,강선대 민들레울,경상남도 거창군 북상면 덕유월성로 2188,계곡,90,3.0,2.0,2.0,0.0,14227225.95,4269607.824,일반지역,2
칙소,강원도,홍천군,동면,칙소,강원도 홍천군 동면 신봉리 256-11,계곡,100,2.0,1.0,3.0,0.0,14245586.71,4535842.774,일반지역,2
척수대,경상남도,거창군,위천면,척수대,경상남도 거창군 위천면 황산리 산40-1,계곡,220,2.0,6.0,1.0,0.0,14230437.07,4267399.032,일반지역,2
떡바위소,강원도,인제군,북면,백담주차장 앞,강원도 인제군 북면 용대리 861,계곡,60,6.0,2.0,40.0,0.0,14287957.94,4606624.166,중점관리지역,1
내원사계곡,경상남도,양산시,하북면,금호모텔뒤,경상남도 양산시 하북면 용연리 568,계곡,200,3.0,1.0,,0.0,14368923.54267443,4224562.587351034,위험지역,3
용추계곡,경상북도,영덕군,지품면,용추휴게소뒤,경상북도 영덕군 지품면 신안리 491-10,계곡,200,3.0,2.0,,0.0,14389337.32202805,4362333.878364773,위험지역,3
무지개숲,경상북도,영덕군,달산면,매일교앞,경상북도 영덕군 달산면 매일리 559,계곡,400,3.0,1.0,,0.0,14391928.96222516,4352703.481690696,위험지역,3
빙계계곡,경상북도,의성군,춘산면,빙계계곡 하류,경상북도 의성군 춘산면 빙계리 1005,계곡,300,3.0,1.5,,0.0,14333210.20174932,4332194.026291857,위험지역,3
마두교,경상북도,포항시,죽장면,마두교,경상북도 포항시 북구 죽장면 하옥리 681,계곡,200,2.0,1.0,,0.0,14388023.98580762,4340788.463702156,위험지역,3
하옥계곡,경상북도,포항시,죽장면,정솔펜션 일원,포항시 북구 죽장면 하옥리 667-2,계곡,300,3.0,1.0,,0.0,14387845.9080182,4341492.781372703,위험지역,3
용둠벙계곡,전라남도,장흥군,대덕,용둠벙계곡,전라남도 장흥군 대덕읍 연지리 산71-1,계곡,18,1.3,0.7,,0.0,14126698.30856492,4097861.185770457,위험지역,3
통안지구,전라북도,무주군,안성면,용추폭포,전라북도 무주군 안성면 공정리 1223-5번지변,계곡,40,4.0,2.0,,0.0,14213562.66607887,4278961.189257877,위험지역,3
용소천계곡,부산광역시,기장군,장안읍,계곡2구역,부산광역시 기장군 장안읍 반룡리 786-21,계곡,50,3.0,2.0,,0.0,14388754.5756257,4209991.049806077,위험지역,3
용소천계곡,부산광역시,기장군,장안읍,계곡1구역,부산광역시 금정구 청룡동 455,계곡,50,2.0,1.0,,0.0,14368797.49561501,4201966.747105921,위험지역,3
봉덕계곡,전라남도,장흥군,유치,봉덕계곡,전라남도 장흥군 유치면 봉덕리 149-1,계곡,80,1.2,0.6,,0.0,14125466.70311463,4139078.625890161,위험지역,3
용담계곡,강원도,화천군,사내면,용담계곡,강원도 화천군 사내면 용담리 42,계곡,"3,000",3.0,1.0,,0.0,14199438.93889278,4587401.567077986,위험지역,3
용소폭포앞,강원도,인제군,상남면,용소폭포앞,강원도 인제군 상남면 상남리1759,계곡,120,3.0,2.0,1.0,0.0,14274223.85,4563364.481,중점관리지역,1
심적유원지,강원도,인제군,서화면,심적유원지,강원도 인제군 서화면 서화리산 212,계곡,200,2.0,2.0,2.0,0.0,14275005.88,4616828.229,중점관리지역,1
내가평교(금강소),강원도,인제군,북면,백담정 앞,강원도 인제군 북면 용대리 656-1,계곡,120,4.0,3.0,40.0,0.0,14288465.27,4606693.682,중점관리지역,1
수승대관광지,경상남도,거창군,위천면,수승대 관광지 내,경상남도 거창군 위천면 황산리 750-3,계곡,420,3.0,1.0,2.0,0.0,14230350.3,4267748.803,일반지역,2
용담계곡,강원도,화천군,사내면,용담계곡,강원도 화천군 사내면 용담리 913,계곡,3000.0,2.5,1.0,0.0,0.0,14198323.39,4587042.127,중점관리지역,1
귕소(용담위),강원도,홍천군,동면,귕소(용담위),강원도 홍천군 동면 덕치리466,계곡,100,3.0,1.5,1.0,0.0,14241755.35,4536529.166,일반지역,2
큰귕소,강원도,홍천군,동면,큰귕소,강원도 홍천군 동면 덕치리466,계곡,100,3.0,1.5,1.0,0.0,14241755.35,4536529.166,일반지역,2
탑골저수지(로켓),경상남도,양산시,서창동,탑골저수지 상류계곡,경상남도 양산시 용당동 158,계곡,420,6.0,3.0,1.0,0.0,14381770.37,4221091.509,일반지역,2
용오름캠핑장,강원도,홍천군,서석면,용오름교아래,강원도 홍천군 서석면 검산길 263,계곡,100,2.0,1.0,2.0,0.0,14275162.65,4540073.701,일반지역,2
용소계곡,강원도,홍천군,두촌면,용소계곡,강원도 홍천군 두촌면 괘석리 696-1,계곡,100,2.0,1.0,5.0,0.0,14253434.04,4559073.125,일반지역,2
덕풍계곡,강원도,삼척시,가곡면,덕풍계곡 마을관리휴양지,강원도 삼척시 가곡면 풍곡리 803-10,계곡,5600.0,3.0,2.0,36.0,0.0,14379581.29,4455140.827,일반지역,2
내평계곡,강원도,삼척시,근덕면,내평계곡,강원도 삼척시 근덕면 동막리 693,계곡,1400.0,3.0,1.0,10.0,0.0,14386555.35,4484750.433,일반지역,2
중봉계곡,강원도,삼척시,하장면,중봉마을,강원도 삼척시 하장면 중봉리 산1,계곡,4000.0,2.0,1.0,0.0,0.0,14353854.74,4496210.74,일반지역,2
돈내코계곡,제주특별자치도,서귀포시,영천동,돈내코계곡,제주특별자치도 서귀포시 상효동 1463,계곡,300,2.0,1.0,50.0,0.0,14091044.77,3935240.05,일반지역,2
용주교,경상남도,합천군,용주면,용주교하부,경상남도 합천군 용주면 고품리 910-217,계곡,40,1.0,1.0,1.0,0.0,14260801.84,4237685.145,일반지역,2
가북계곡,경상남도,거창군,가북면,가북저수지 위,경상남도 거창군 가북면 용암리 1257-1,계곡,30,2.0,1.0,1.0,0.0,14254008.08,4274986.93,일반지역,2
수월산장(각시소하류),경상남도,거창군,마리면,수월산장 아래,경상남도 거창군 마리면 수월리 산28,계곡,150,2.0,1.0,3.0,0.0,14232651.9,4259729.275,일반지역,2
수승대 관광지 상류,경상남도,거창군,위천면,수승대관광지 상류,경상남도 거창군 위천면 황산리 825,계곡,200,2.0,2.0,3.0,0.0,14229690.24,4268577.381,일반지역,2
명곡저수지(로켓),경상남도,양산시,서창동,명곡저수지 상류계곡,경상남도 양산시 서창동 명동 산20-1,계곡,320,6.0,3.0,1.0,0.0,14382355.35,4221826.855,일반지역,2
관악산계곡어린이물놀이장,서울시,관악구,신림로,신림계곡지구,서울시 관악구 신림동 808-125,계곡,150,1.0,0.6,11.0,0.0,14131845.97,4503708.725,일반지역,2
내원사 계곡,경상남도,양산시,하북면,내원사 입구 ~ 용연리 행정안전지원센터,경상남도 양산시 하북면 용연리 산 42-1,계곡,1438.0,6.0,1.0,5.0,0.0,14370171.21,4224788.68,일반지역,2
석문공원,전라남도,강진군,도암면,석문공원,전라남도 강진군 도암면 석문리 산252,계곡,65,1.0,0.9,16.0,0.0,14106668.47,4104550.556,일반지역,2
봉갑리사방댐,충청남도,공주시,신풍면,봉갑리사방댐,충청남도 공주시 신풍면 봉갑리 322,계곡,50,4.0,1.0,0.0,0.0,14126542.32,4371590.566,중점관리지역,1
상원골,충청남도,공주시,유구읍,상원골일원,충청남도 공주시 유구읍 구계리 1-20,계곡,200,2.0,1.0,5.0,0.0,14137077.41,4379019.494,중점관리지역,1
산내계곡,전라북도,남원시,산내면,산간계곡,전라북도 남원시 산내면 입석리 726,계곡,130,2.0,1.0,3.0,0.0,14206545.49,4219665.86,중점관리지역,1
산내계곡,전라북도,남원시,산내면,산간계곡,전라북도 남원시 산내면 장항리 324-1,계곡,130,2.0,1.0,3.0,0.0,14206415.19,4219447.438,중점관리지역,1
산내계곡,전라북도,남원시,산내면,산간계곡,전라북도 남원시 산내면 내령리 414-3,계곡,100,2.0,2.0,3.0,0.0,14204362.1,4218264.854,중점관리지역,1
산내계곡,전라북도,남원시,산내면,산간계곡,전라북도 남원시 산내면 백일리 122,계곡,160,1.0,1.0,3.0,0.0,14209293.36,4220030.706,중점관리지역,1
통안지구,전라북도,무주군,안성면,용추폭포,전라북도 무주군 안성면 공정리 1223-5변,계곡,40,4.0,2.0,0.7,0.0,14213532.67,4278961.189,일반지역,2
덕산계곡,전라북도,장수군,장수읍,용쏘주변,전라북도 장수군 장수읍 덕산리 산 54-3,계곡,,4.0,1.0,1.0,0.0,14197758.25,4246766.272,중점관리지역,1
방화동계곡,전라북도,장수군,번암면,방화동,전라북도 장수군 번암면 사암리 686-1,계곡,,3.0,2.0,27.0,0.0,14196752.64,4245587.902,중점관리지역,1
토옥동계곡,전라북도,장수군,계북면,토옥동,전라북도 장수군 계북면 양악리 889,계곡,,4.0,2.0,10.0,0.0,14209475.8,4273590.252,중점관리지역,1
와룡리계곡,전라북도,장수군,천천면,와룡계곡,전라북도 장수군 천천면 비룡리 636,계곡,,3.0,1.0,23.0,0.0,14191784.63,4257850.717,중점관리지역,1
문수계곡,전라북도,고창군,고수면,문수계곡,전라북도 고창군 고수면 은사리 962,계곡,230,2.0,1.0,1.0,0.0,14105930.93,4216356.215,일반지역,2
청소골남생이소,전라남도,순천시,서면,남생이소,전라남도 순천시 서면 청소리 172-1,계곡,20,1.0,1.0,1.0,0.0,14193520.92,4173131.751,일반지역,2
서면황토초가앞,전라남도,순천시,서면,만추산장,전라남도 순천시 서면 판교리 918-1,계곡,60,2.0,2.0,2.0,0.0,14193298.79,4168476.316,일반지역,2
서면구상계곡1,전라남도,순천시,서면,구랑실계곡,전라남도 순천시 서면 구상리 산23,계곡,20,2.0,1.0,2.0,0.0,14198486.91,4167536.709,일반지역,2
서면구상계곡2,전라남도,순천시,서면,성광수목원,전라남도 순천시 서면  구상리 828,계곡,20,2.0,2.0,2.0,0.0,14198936.3,4165526.763,일반지역,2
용둠벙계곡,전라남도,장흥,대덕,용둠벙계곡,전라남도 장흥군 대덕읍 연지리 산71-1,계곡,18,1.3,1.0,1.0,0.0,14126668.31,4097861.186,일반지역,2
봉덕계곡,전라남도,장흥,유치,봉덕계곡,전라남도 장흥군 유치면 봉덕리 514,계곡,80,1.2,1.0,1.0,0.0,14125398.53,4138567.299,일반지역,2
초당림,전라남도,강진군,칠량면,초당림,전라남도 강진군 칠량면 명주리 275-1,계곡,100,1.0,1.0,18.0,0.0,14122185.66,4105388.954,일반지역,2
노동리사방댐,충청남도,공주시,유구읍,노동리사방댐,충청남도 공주시 유구읍 노동리 85-1,계곡,50,4.0,1.0,0.0,0.0,14128298.97,4376753.145,중점관리지역,1
상월골,충청남도,공주시,사곡면,상월곡 계곡,충청남도 공주시 사곡면 운암리 651-3,계곡,1000.0,2.0,1.0,10.0,0.0,14137313.02,4379078.318,일반지역,2
사동유원지,충청북도,단양군,대강면,사동유원지,충청북도 단양군 대강면 사동리 62-4,계곡,30,0.5,0.5,0.0,0.0,14295036.23,4417965.166,일반지역,2
물레울 마을,경기도,양평군,단월면,물레울마을,경기도 양평군 단월면 석산로1405,계곡,100,2.0,1.5,3.0,0.0,14204780.26,4528878.048,일반지역,2
장안사 계곡,부산광역시,기장군,장안읍,장안사,부산광역시 기장군 장안읍 장안리 664-21,계곡,150,1.5,1.0,100.0,0.0,14385251.64,4214446.418,일반지역,2
용소천 계곡,부산광역시,기장군,장안읍,용소천,부산광역시 기장군 장안읍 반룡리 786-21,계곡,90,2.0,2.0,1.0,0.0,14388739.58,4209991.05,중점관리지역,1
가평천,경기도,가평군,북면,용소유원지,경기도 가평군 북면 도대리 269-5,계곡,40,2.0,2.0,1.39,0.0,14191841.37,4570724.909,일반지역,2
가평천,경기도,가평군,북면,호수유원지민박,경기도 가평군 북면 도대리 198,계곡,70,2.0,1.0,3.71,0.0,14192346.76,4569077.081,일반지역,2
가평천,경기도,가평군,북면,백둔교,경기도 가평군 북면 백둔리 1115,계곡,100,3.0,2.0,2.04,0.0,14193534.85,4565195.825,일반지역,2
가평천,경기도,가평군,북면,다리유원지앞,경기도 가평군 북면 도대리 산 303,계곡,70,2.0,1.0,1.37,0.0,14192519.09,4569290.381,일반지역,2
상촌계곡,경기도,양평군,강상면,상촌,경기도 양평군 강상면 백석길226-2,계곡,300,1.0,0.5,0.2,0.0,14188348.86,4499883.12,일반지역,2
돌고개 마을,경기도,양평군,단월면,돌고개마을,경기도 양평군 단월면 한서로1357,계곡,100,2.0,1.0,3.0,0.0,14206893.59,4528752.523,일반지역,2
벽계천,경기도,양평군,서종면,노문계곡,경기도 양평군 서종면 화서1로268-21,계곡,300,2.0,1.0,5.0,0.0,14185572.95,4528492.594,일반지역,2
소선암,충청북도,단양군,단성면,소선암휴양지,충청북도 단양군 단성면 대잠리 356,계곡,50,2.0,1.0,1.0,0.0,14283009.85,4427860.046,일반지역,2
수능계곡,경기도,양평군,서종면,낙촌,경기도 양평군 서종면 황순원로112,계곡,300,2.0,1.0,5.0,0.0,14179747.59,4522638.088,일반지역,2
사나사 계곡,경기도,양평군,옥천면,절골마을,경기도 양평군 옥천면 사나사길 224,계곡,300,1.0,0.5,1.0,0.0,14193469.3,4513369.966,일반지역,2
내산리,경기도,연천군,신서면,내산리(시원농장),경기도 연천군 신서면 내산리 313,계곡,2500.0,4.0,2.0,4.0,0.0,14152477.18,4597895.158,일반지역,2
탁사정,충청북도,제천시,봉양읍,탁사정,충청북도 제천시 봉양읍 제원로 483,계곡,100,5.0,1.0,3.0,0.0,14260545.95,4462413.169,일반지역,2
자라바위,충청북도,제천시,백운면,자라바위,충청북도 제천시 백운면 평동로5길26,계곡,100,2.0,1.0,1.0,0.0,14250716.8,4458575.688,일반지역,2
서원계곡,충청북도,보은군,장안면,"서원리표시석, 황해동솔밭, 정부인소나무",충청북도 보은군 장안면 서원리 386,계곡,150,2.0,1.0,10.0,0.0,14228039.21,4367291.813,일반지역,2
외계수계곡,충청북도,음성군,생극면,차곡리 오얏골,충청북도 음성군 생극면 차곡리 611-1,계곡,10,2.0,1.0,0.0,0.0,14208189.75,4446067.849,중점관리지역,1
남천계곡,충청북도,단양군,영춘면,남천솔밭공원앞,충청북도 단양군 영춘면 남천리 483-1,계곡,70,1.5,1.0,2.0,0.0,14304951.57,4446821.87,일반지역,2
보은산V-랜드,전라남도,강진군,강진읍,V-랜드,전라남도 강진군 강진읍  남성리 342,계곡,150,1.0,0.9,28.0,0.0,14111137.69,4116735.158,일반지역,2
월출산기찬랜드,전라남도,영암군,영암읍,회의촌마을,전라남도 영암군 영암읍 기찬랜드로 41-13,계곡,500,1.0,1.0,1.0,0.0,14102576.99,4135496.958,일반지역,2
동면 금산리 계곡,경상남도,양산시,동면,금산2길 51 가정집 사잇길,경상남도 양산시 동면 금산리 472,계곡,5,2.0,1.0,0.0,0.0,14363472.54,4205260.044,일반지역,2
뱅뱅이골기찬랜드,전라남도,영암군,금정면,뱅뱅이골,전라남도 영암군 금정면 연소리 626,계곡,500,1.0,1.0,1.0,0.0,14112646.25,4139578.314,일반지역,2
용추계곡,경상북도,영덕군,지품면,용추휴게소뒤,경상북도 영덕군 지품면 신안리 511,계곡,,3.0,2.0,3.0,0.0,14390455.74,4362510.794,일반지역,2
삼계계곡(산골물소리펜션),경상북도,청도군,운문면,삼계계곡,경상북도 청도군 운문면 신원리 449,계곡,50,1.0,0.8,3.0,0.0,14358231.38,4256769.401,일반지역,2
석천계곡,경상북도,봉화,봉화,석천계곡,경상북도 봉화군 봉화읍 삼계리 180-2,계곡,500,2.0,1.0,1.0,0.0,14330901.04,4425203.245,일반지역,2
사미정계곡,경상북도,봉화,법전,사미정계곡,경상북도 봉화군 법전면 소천리 942,계곡,120,1.0,1.0,1.0,0.0,14352097.51,4423651.673,일반지역,2
고선계곡마방,경상북도,봉화,소천,마방캠핑장 인근,경상북도 봉화군 소천면 고선리 502,계곡,300,2.0,1.0,1.0,0.0,14356517.68,4437058.998,일반지역,2
고선계곡황토,경상북도,봉화,소천,구마황토민박 인근,경상북도 봉화군 소천면 고선리 산 37-16,계곡,1000.0,2.0,1.0,1.0,0.0,14354795.8,4438187.862,일반지역,2
굴구지,경상북도,울진군,근남면,구고교 인근,경상북도 울진군 근남면 구산리 1275-1,계곡,300,2.0,1.0,5.0,0.0,14399074.17,4428721.597,일반지역,2
백발소,경상북도,울진군,근남면,생태탐방로 입구,경상북도 울진군 근남면 구산리 1236-1,계곡,100,3.0,2.0,2.0,0.0,14400026.82,4430879.019,일반지역,2
두전,경상북도,울진군,근남면,구산4교 인근,경상북도 울진군 근남면 구산리 1212-1,계곡,200,2.0,1.0,1.0,0.0,14400087.01,4431333.746,일반지역,2
행곡야영장,경상북도,울진군,근남면,행곡3리 야영장,경상북도 울진군 근남면 행곡리 산110,계곡,300,3.0,1.0,2.0,0.0,14397602.09,4435148.793,일반지역,2
장척계곡,경상남도,김해시,상동면,솔향기펜션 앞,경상남도 김해시 상동면 묵방리 산30-1,계곡,60,1.0,1.0,12.0,0.0,14351671.5,4202988.064,일반지역,2
신안계곡,경상남도,김해시,관동동,기독교 수양관 위쪽,경상남도 김해시 관동동 1007-1,계곡,50,1.0,1.0,9.0,0.0,14336478.56,4187680.441,일반지역,2
석골사,경상남도,밀양시,산내면,석골사 계곡,경상남도 밀양시 산내면 원서리 산190,계곡,30,2.0,1.0,1.0,0.0,14352130.85,4247768.562,일반지역,2
호박소구름다리(얼음골지내),경상남도,밀양시,산내면,호박소 구름다리,경상남도 밀양시 산내면 삼양리 24,계곡,30,3.0,2.0,5.0,0.0,14359987.62,4243890.635,일반지역,2
형제소(얼음골지내),경상남도,밀양시,산내면,형제소,경상남도 밀양시 산내면 삼양리 산7-3 옆,계곡,30,3.0,2.0,5.0,0.0,14360419.48,4244447.619,일반지역,2
백연사 계곡(얼음골지내),경상남도,밀양시,산내면,백연사계곡,경상남도 밀양시 산내면 삼양리 29전 옆,계곡,100,2.0,1.0,3.0,0.0,14359775.23,4243780.526,일반지역,2
표충사야영장,경상남도,밀양시,단장면,표충사야영장,경상남도 밀양시 단장면 구천리 310,계곡,50,2.0,1.0,7.0,0.0,14354181.85,4236488.722,일반지역,2
매바위 상,경상남도,밀양시,단장면,매바위 상,경상남도 밀양시 단장면 구천리 212-1,계곡,30,2.0,1.0,2.0,0.0,14355133.81,4236555.956,일반지역,2
매바위 하,경상남도,밀양시,단장면,매바위 하,경상남도 밀양시 단장면 구천리 212-1,계곡,30,2.0,1.0,3.0,0.0,14355133.81,4236555.956,일반지역,2
오천솔밭,경상북도,영덕군,지품면,구 오천초등학교 앞,경상북도 영덕군 지품면 오천리 165-4,계곡,,4.0,2.0,15.0,0.0,14396699.05,4359336.34,일반지역,2
무지개숲,경상북도,영덕군,달산면,매일교앞,경상북도 영덕군 달산면  흥기리 935,계곡,,3.0,1.0,4.0,0.0,14394247.24,4352138.58,일반지역,2
번동입구,경상북도,영양군,수비면,번동입구,경상북도 영양군 수비면  수하리 671-6,계곡,20,2.0,1.0,1.0,0.0,14387568.23,4410840.816,일반지역,2
백화산계곡,경상북도,상주시,모동면,용추폭포옆,경상북도 상주시 모동면 수봉리 산92,계곡,30,4.0,2.0,10.0,0.0,14241684.39,4342829.599,중점관리지역,1
남창계곡,전라남도,장성군,북하면,형제농원 앞,전라남도 장성군 북하면 신성리 464,계곡,500,1.0,1.0,8.0,0.0,14119826.77,4226691.662,일반지역,2
동창천(3),경상북도,경주시,산내면,그린하우스앞,경상북도 경주시 산내면 대현리 494-1,계곡,100,2.0,1.0,5.0,0.0,14367487.3,4262634.088,중점관리지역,1
동창천(4),경상북도,경주시,산내면,태종계곡,경상북도 경주시 산내면 대현리 109,계곡,100,2.0,1.0,4.0,0.0,14368873.35,4259540.788,중점관리지역,1
용담계곡1,경상북도,안동시,길안면,용담계곡1,경상북도 안동시 길안면 금곡리 산162,계곡,30,1.0,1.0,2.0,0.0,14350272.5,4353219.894,중점관리지역,1
용담계곡2,경상북도,안동시,길안면,용담계곡2,경상북도 안동시 길안면 금곡리 601,계곡,30,1.0,1.0,0.0,0.0,14350655.37,4353825.631,중점관리지역,1
용담사,경상북도,안동시,길안면,용담사,경상북도 안동시 길안면 금곡리 83-1,계곡,20,1.0,1.0,3.0,0.0,14351877.52,4354344.836,중점관리지역,1
치산계곡상류,경상북도,영천시,신녕면,치산계곡,경상북도 영천시 신녕면 치산리 1323,계곡,650,1.0,1.0,1.0,0.0,14328224.02,4307406.217,일반지역,2
치산계곡하류,경상북도,영천시,신녕면,부산교밑,경상북도 영천시 신녕면 치산리 산193,계곡,50,1.0,1.0,1.0,0.0,14330376.06,4309362.189,일반지역,2
성주봉휴양림,경상북도,상주시,은척면,휴양림 물놀이장,경상북도 상주시 은척면 남곡리 산50,계곡,200,2.0,1.0,10.0,0.0,14253455.85,4373951.386,일반지역,2
삼의계곡,경상북도,영양군,석보면,삼의계곡,경상북도 영양군 석보면  삼의리 181-4,계곡,50,2.0,1.0,2.0,0.0,14384053.29,4372798.969,일반지역,2
용추계곡,경상북도,문경시,가은읍,용추골천,경상북도 문경시  가은읍  완장리 산 65,계곡,30,3.0,1.0,9.0,0.0,14244684.31,4393056.1,일반지역,2
무당소,경상북도,문경시,가은읍,용추골천,경상북도 문경시  가은읍  완장리 471-2,계곡,10,2.0,2.0,7.0,0.0,14244472.49,4393318.671,일반지역,2
선유동계곡,경상북도,문경시,가은읍,선유동계곡,경상북도 문경시 가은읍 완장리 산 103,계곡,100,2.0,1.0,1.0,0.0,14245786.39,4393241.588,일반지역,2
동산계곡,경상북도,군위군,부계면,동산계곡,경상북도 군위군 부계면 동산리 1677,계곡,2500.0,2.0,0.5,2.0,0.0,14323688.19,4306094.768,일반지역,2
빙계계곡 2구역,경상북도,의성,춘산면,빙계계곡 2구역,경상북도 의성 춘산면 빙계리 1005-2,계곡,200,3.0,1.4,7.0,0.0,14333219.97,4332195.075,중점관리지역,1
얼음골,경상북도,청송군,주왕산면,얼음골,경상북도 청송군 부동면 내룡리 1,계곡,500,1.0,1.0,1.0,0.0,14385134.13,4344354.363,일반지역,2
본신계곡,경상북도,영양군,수비면,본신계곡,경상북도 영양군 수비면  신원리 산26-14,계곡,50,2.0,1.0,0.0,0.0,14388450.79,4406018.612,일반지역,2
송하계곡,경상북도,영양군,수비면,송하계곡,경상북도 영양군 수비면 송하리 122-3,계곡,50,2.0,1.0,2.0,0.0,14383291.02,4396534.107,일반지역,2
대장동계곡,경상남도,진해구,웅동1동,대장동계곡,경상남도 창원시 진해구 대장동 246,계곡,1000.0,3.0,1.0,10.0,0.0,14335525.07,4183725.954,일반지역,2
산내계곡,전라북도,남원시,산내면,털보가든 앞,전라북도 남원시 산내면 입석리 726,계곡,130,2.0,1.0,,,14206560.49199679,4219665.859672043,위험지역,3
산내계곡,전라북도,남원시,산내면,토비스야영장 앞,전라북도 남원시 산내면 장항리 324-1,계곡,130,2.0,1.0,,,14206430.19253281,4219447.438380495,위험지역,3
산내계곡,전라북도,남원시,산내면,천왕봉식당 앞(황해소),전라북도 남원시 산내면 내령리 414-3,계곡,100,2.0,2.0,,,14204377.10490021,4218264.853574492,위험지역,3
산내계곡,전라북도,남원시,산내면,산내들펜션 앞,전라북도 남원시 산내면 백일리122,계곡,160,2.0,1.0,,,14209308.35796727,4220030.706102566,위험지역,3
덕산계곡,전라북도,장수군,장수읍,용쏘주변13,전라북도 장수군 장수읍 덕산리 산 54-3,계곡,30,4.0,1.0,,,14197773.25422009,4246766.271957935,위험지역,3
방화동계곡,전라북도,장수군,번암면,방화동,전라북도 장수군 번암면 사암리 686-1,계곡,30,2.0,1.0,,,14196767.63846806,4245587.902164352,위험지역,3
토옥동계곡,전라북도,장수군,계북면,토옥동,전라북도 장수군 계북면 양악리 889,계곡,100,4.0,1.0,,,14209490.79948074,4273590.251779681,위험지역,3
용추계곡,경상북도,문경시,가은읍,용추계곡,경상북도 문경시 가은읍 완장리 산114,계곡,30,3.0,1.2,,,14244777.63090882,4393537.667679074,위험지역,3
오천솔밭,경상북도,영덕군,지품면,구 오천초등학교 앞,경상북도 영덕군 지품면 오천리 165-4,계곡,800,4.0,2.0,,,14396729.04753621,4359336.340050075,위험지역,3
